Article title,Article abstract,Keywords,License,Language,Author Salutation,Author given name,Author middle name,Author surname,Author email,Author ORCID,Author institution,Author department,Author biography,Author is primary (Y/N),Author is corporate (Y/N),Article ID,DOI,DOI (URL form),Date accepted,Date published,Article section,Stage,Article filename,Journal Code,Journal title,ISSN,Volume number,Issue number,Issue name,Issue pub date
Variopleistocene Inquilibriums,How it all went down.,"dinosaurs,Socratic teaching",CC BY-NC-SA 4.0,English,Prof,Unreal,J.,Person3,unrealperson3@example.com,,University of Michigan Medical School,Cancer Center,Prof Unreal J. Person3 teaches dinosaurs but they are employed in a hospital.,Y,N,,,,2021-10-24,2021-10-25,Article,Editor Copyediting,,TST,Journal One,0000-0000,1,1,Fall 2021,2021-09-15 13:58:59+0000
,,,,,,Unreal,J.,Person5,unrealperson5@example.com,,University of Calgary,Anthropology,Unreal J. Person5 is the author of <i>Being</i>.,N,N,,,,,,,,,,,,,,,
,,,,,,Unreal,J.,Person6,unrealperson6@example.com,,University of Mars,Crater Nine,Does Unreal J. Person6 exist?,N,N,,,,,,,,,,,,,,,

