<?xml version="1.0" encoding="UTF-8"?>
<!DOCTYPE article PUBLIC "-//NLM//DTD JATS (Z39.96) Journal Publishing DTD v1.2 20120330//EN" "http://jats.nlm.nih.gov/publishing/1.2/JATS-journalpublishing1.dtd">
<!--<?xml-stylesheet type="text/xsl" href="article.xsl"?>-->
<article article-type="research-article" dtd-version="1.2" xml:lang="en" xmlns:mml="http://www.w3.org/1998/Math/MathML" xmlns:xlink="http://www.w3.org/1999/xlink" xmlns:xsi="http://www.w3.org/2001/XMLSchema-instance">
<front>
<journal-meta>
<journal-id journal-id-type="issn">2056-6700</journal-id>
<journal-title-group>
<journal-title>Open Library of Humanities</journal-title>
</journal-title-group>
<issn pub-type="epub">2056-6700</issn>
<publisher>
<publisher-name>Open Library of Humanities</publisher-name>
</publisher>
</journal-meta>
<article-meta>
<article-id pub-id-type="doi">10.16995/olh.8982</article-id>
<article-categories>
<subj-group>
<subject>Production archives 02: production contexts</subject>
</subj-group>
</article-categories>
<title-group>
<article-title>A Wilder Joyce: Influence, Borrowing, Appropriation, Theft</article-title>
</title-group>
<contrib-group>
<contrib contrib-type="author">
<name>
<surname>Gontarski</surname>
<given-names>S. E.</given-names>
</name>
<email>sgontarski@fsu.edu</email>
<xref ref-type="aff" rid="aff-1">1</xref>
</contrib>
</contrib-group>
<aff id="aff-1"><label>1</label>Florida State University, US</aff>
<pub-date publication-format="electronic" date-type="pub" iso-8601-date="2022-10-17">
<day>17</day>
<month>10</month>
<year>2022</year>
</pub-date>
<pub-date pub-type="collection">
<year>2022</year>
</pub-date>
<volume>8</volume>
<issue>2</issue>
<fpage>1</fpage>
<lpage>24</lpage>
<permissions>
<copyright-statement>Copyright: &#x00A9; 2022 The Author(s)</copyright-statement>
<copyright-year>2022</copyright-year>
<license license-type="open-access" xlink:href="http://creativecommons.org/licenses/by/4.0/">
<license-p>This is an open-access article distributed under the terms of the Creative Commons Attribution 4.0 International License (CC-BY 4.0), which permits unrestricted use, distribution, and reproduction in any medium, provided the original author and source are credited. See <uri xlink:href="http://creativecommons.org/licenses/by/4.0/">http://creativecommons.org/licenses/by/4.0/</uri>.</license-p>
</license>
</permissions>
<self-uri xlink:href="https://olh.openlibhums.org/articles/10.16995/olh.8982/"/>
<abstract>
<p>This article re-examines the unintended consequences of American novelist and playwright Thornton Wilder&#8217;s lifelong passion for the work of James Joyce, as Wilder was writing what would become his second Pulitzer Prize winning play, <italic>The Skin of Our Teeth</italic>, while in the midst of &#8216;unriddling&#8217; Joyce&#8217;s final novel, <italic>Finnegans Wake</italic>. Subsequently, accusations of plagiarism arose from two major Joyce scholars, Joseph Campbell and Henry Morton Robinson, who not only questioned the borrowings of a particular playwright in creating a new artwork for the stage but also challenged the practices of commercial theater and contemporary theories of originality and textuality. Exploring <italic>The Skin of Our Teeth</italic> as an intertext, on the other hand, simultaneously validates Campbell and Robinson&#8217;s initial assessment and encourages a rethinking of Wilder&#8217;s commitment to Joyce as both a scholar and something of a collaborator. Such a shift would allow the critical community to ask theoretical questions about how this &#8216;collaboration&#8217; works to afford accessibility and so opens <italic>Finnegans Wake</italic> to a wider audience. Wilder might thus be seen as offering something like a thematic catalogue to the novel in parallel to the &#8216;theme keys&#8217; he outlined in his Joyce journals. Such recalibration would reposition Wilder&#8217;s contributions, not only as an American playwright but as a pioneering critic and crusading intellectual: a European-focused writer wholly in the American grain, an avant-garde champion like his compatriot Edmund Wilson, one who could recognize, invoke, and engage simultaneously with the European avant-garde and the American theatrical and critical traditions.</p>
</abstract>
</article-meta>
</front>
<body>
<disp-quote>
<p>Whenever I&#8217;m in a theater group and discussion turns to the essential American playwrights&#8212;the ones whose accomplishments define our culture&#8212;I&#8217;m always startled and confused that Thornton Wilder&#8217;s name comes to the fore so infrequently.</p>
<p>Edward Albee (Qtd in <xref ref-type="bibr" rid="B29">Niven, 2012: xi</xref>)</p>
</disp-quote>
<p>In March 1941, American playwright, novelist, literary critic, instructor of French and translator Thornton Wilder was asked, at news of James Joyce&#8217;s death, to write a tribute for <italic>Poetry: A Magazine of Verse</italic> (<xref ref-type="bibr" rid="B37">Wilder, 1941: 370&#8211;5</xref>). He was a natural choice given his life-long interest in or obsession with Joyce (see <xref ref-type="bibr" rid="B7">Burns and Gaylord, 2001</xref>) and, more broadly, as a defender of the era&#8217;s most experimental writers. He had, for instance, met Gertrude Stein on her visit to the University of Chicago in 1934 (see <xref ref-type="bibr" rid="B6">Burns and Dydo, 1996</xref>) and would write introductions to two of her works, <italic>Narration</italic> (1935) and <italic>The Geographical History of America</italic> (1936) by the time of the <italic>Poetry</italic> invitation, with a third to follow in 1947 for the posthumously published <italic>Four in America</italic> (<xref ref-type="bibr" rid="B42">Wilder, 1979: 181&#8211;222</xref>). On news of Joyce&#8217;s death, Wilder was telephoned &#8216;long distance&#8217; by Harriet Monroe, editor of <italic>Poetry</italic>, and asked for a statement (<xref ref-type="bibr" rid="B13">Feshbach, 1994: 498</xref>; <xref ref-type="bibr" rid="B42">Wilder, 1979: xvii</xref>). In response, Wilder produced something of an overview essay or eulogy, &#8216;James Joyce, 1882&#8211;1941&#8217;. He would subsequently publish &#8216;Joyce and the Modern Novel&#8217;, a 1954 lecture, in 1957 and &#8216;Giordano Bruno&#8217;s Last Meal in <italic>Finnegans Wake</italic>&#8217;, which appeared in <italic>Hudson Review</italic> in spring 1963, a distillation of some 290 pages of notes on Joyce&#8217;s <italic>Finnegans Wake</italic> (<xref ref-type="bibr" rid="B13">Feshbach, 1994: 515</xref>). All three essays were published posthumously in a volume called <italic>American Characteristics and other Essays</italic> (<xref ref-type="bibr" rid="B42">Wilder, 1979: 165&#8211;80, 278&#8211;86</xref>), the title referencing Wilder&#8217;s lectures at Harvard University. These were delivered as part of his year-long appointment as Charles Eliot Norton Professor of Poetry, 1950&#8211;51 (T. S. Eliot had held the post in 1932&#8211;33) and subsequently published as &#8216;Toward an American Language&#8217;, &#8216;the first of several installments&#8217; in the <italic>Atlantic Monthly</italic> beginning in July 1952 (<xref ref-type="bibr" rid="B38">Wilder, 1952: 29&#8211;37</xref>; <xref ref-type="bibr" rid="B42">Wilder, 1979: 1&#8211;64</xref>). Writing to Adaline Glasheen during his Norton tenure, however, Wilder cited some friction between his Joyce work and the growing community of Joyce scholars:</p>
<disp-quote>
<p>I found that F_____s Wake addicts are a curious brand of cats. They think everybody else is a benighted flounderer and that <italic>they</italic>&#8212;each one&#8212;holds the answer. They don&#8217;t want to pool their insights; they don&#8217;t want to contribute to a Master-Copy. I came away from the meeting very angry. (<xref ref-type="bibr" rid="B7">Burns and Gaylord, 2001: 3</xref>)<xref ref-type="fn" rid="n1">1</xref></p>
</disp-quote>
<p>With Glasheen, however, Wilder found a kindred spirit, someone with whom he could share his insights and work toward a &#8216;Master-Copy&#8217;, and he did so until his unexpected death in December 1975, a letter to her on his desk unfinished.</p>
<p>The depth of Wilder&#8217;s commitment to Joyce and his work is evident in his correspondence with Glasheen, published in 2001 as <italic>A Tour of the Darkling Plain: The &#8216;Finnegans Wake&#8217; Letters of Thornton Wilder and Adaline Glasheen, 1950&#8211;1975</italic>. Wilder and Glasheen shared their readings of <italic>Finnegans Wake</italic> on paper, that is, through the mails. Glasheen, who would publish the <italic>Third Census Of &#8216;Finnegans Wake&#8217;: An Index Of The Characters and Their Roles</italic> two years after Wilder&#8217;s death, calls the period &#8216;the amateur age of unriddling&#8217;. As she is quoted in the introduction to <italic>A Tour of the Darkling Plain</italic>: &#8216;In the late 1940s some friends and I took to playing around with <italic>Finnegans Wake</italic>, enjoying ourselves and doing our best to unriddle bits of that difficult and entertaining book&#8217; (<xref ref-type="bibr" rid="B7">Burns and Gaylord, 2001: xiii</xref>). The characterization of this work as &#8216;amateur&#8217; or mere &#8216;playing around&#8217; understates the intensity of this long collaboration, yet it is one that Geert Lernout, citing Glasheen&#8217;s comment, accepts and repeats in his review of the volume, where he asserts &#8216;Glasheen and Wilder were amateurs&#8217; (<xref ref-type="bibr" rid="B27">Lernout, 2006: 384</xref>). Wilder, of course, had been writing about, or perhaps even re-writing the <italic>Wake</italic> at least since its full publication in 1939, as his <italic>Journals</italic> reveal (<xref ref-type="bibr" rid="B13">Feshbach, 1994: 498</xref>). His densely annotated copy of <italic>Finnegans Wake</italic> along with two sizeable notebooks of &#8216;theme keys&#8217; devoted to the novel are on deposit at <xref ref-type="bibr" rid="B3">Yale University</xref>.</p>
<p>The opening paragraph in Wilder&#8217;s <italic>Poetry</italic> tribute lays out the tensions he saw in Joyce&#8217;s life and so in his life&#8217;s work:</p>
<disp-quote>
<p>&#8230; bound to Dublin in love and hate, parallel, irreconcilable, each emotion whipping on its contrary; a love that could only briefly make peace with the hatred through the operation of the comic spirit; a hatred that could only intermittently make peace with the love through the intensity of artistic creation. This unresolved love and hate recurred in every aspect of his life: it went out toward his youth, toward the religion in which he was brought up, toward the r&#244;le of the artist, toward the very phenomenon of language itself. It compelled him to destroy and to extol; to annihilate through analysis and to make live through passionate comprehension.</p>
<p>The price that must be paid for a love that cannot integrate its hate is sentimentality; the price that must be paid for a hate that cannot integrate its love is, variously, empty rhetoric, insecurity of taste, and the sterile refinements of an intellect bent on destruction. (<xref ref-type="bibr" rid="B37">Wilder, 1941: 370&#8211;1</xref>)</p>
</disp-quote>
<p>&#8216;Like Cervantes&#8217;, Wilder continues, Joyce &#8216;groped confusedly for his subject and his form&#8230;. Like Cervantes, unsuccessfully, Joyce tried poetry and drama&#8217; (<xref ref-type="bibr" rid="B37">Wilder, 1941: 370&#8211;1</xref>). Of the poetry, Wilder would admit its &#8216;watery musicality, a pinched ventriloqual voice&#8217;, and of Joyce&#8217;s one play he would be &#8216;astonished at the woodenness of &#8230; <italic>Exiles</italic>&#8217; given Joyce&#8217;s expert handling of dialogue in <italic>A Portrait of the Artist as a Young Man</italic> (<xref ref-type="bibr" rid="B37">Wilder, 1941: 371</xref>). Brooks Atkinson would review Joyce&#8217;s play for the <italic>New York Times</italic> in 1957, and he seemed to echo Wilder&#8217;s assessment: &#8216;It was an attempt at spiritual expression by a man who has lost faith in &#8220;luminous certitudes&#8221; and is doing penance every day of his life&#8217;. For Wilder, Joyce&#8217;s major achievement was his depiction of consciousness:</p>
<disp-quote>
<p><italic>Ulysses</italic> brought a new method into literature, the interior monologue. The century-long advance of realism now confronted this task: the realistic depiction of consciousness. To realism, mind is a babbler, a stream of fleeting odds and ends of image and association. Joyce achieved this method with a mastery and fullness of illustration that effaces any question of precursors&#8230;. Yet all art is convention, even the interior monologue. Joyce&#8217;s discovery has the character of necessity, a Twentieth Century necessity, and again it was wrung from him by the operation of his love and hate. (<xref ref-type="bibr" rid="B37">Wilder, 1941: 371</xref>)</p>
</disp-quote>
<p>Wilder&#8217;s interest in Joyce and the more progressive writing of his day is manifested in his own fiction and his writing for and about theater as early as 1926, as he referenced much of that tradition in his first novel, <italic>The Cabala</italic>, dedicated to &#8216;my friends at the American Academy in Rome, 1920&#8211;1921&#8217; (<xref ref-type="bibr" rid="B36">Wilder, 1926: front matter</xref>). In it, the narrator visits an enlightened, erudite but &#8216;unbelieving&#8217; Cardinal in Rome&#8212;part of the &#8216;cabal&#8217;&#8212;and observes that &#8216;A pile of volumes lay on the table beside him: <italic>Appearance and Reality</italic> [by English philosopher F. H. Bradley], [<italic>The Decline of the West</italic> by Oswald] Spengler, <italic>The Golden Bough, Ulysses</italic>, Proust, Freud&#8217; (<xref ref-type="bibr" rid="B36">Wilder, 1926: 185</xref>). Wilder spoke as a literary critic in his own voice in the preface to <italic>Three Plays: Our Town, The Skin of Our Teeth, The Matchmaker</italic> (1957) drawing distinctions between print and performance: &#8216;I believed every word of <italic>Ulysses</italic> and of Proust and of <italic>The Magic Mountain</italic>, as I did of hundreds of plays when I read them. It was on the stage that imaginative narration became false&#8217; (<xref ref-type="bibr" rid="B39">Wilder, 1957a: viii</xref>). In the same preface, Wilder would celebrate theater&#8217;s immediacy with what is perhaps a nod to Molly Bloom: &#8216;Of all the arts the theater is best endowed to awaken this recollection within us&#8212; to believe is to say &#8220;yes&#8221;; but in the theaters of my time I did not feel myself prompted to any such grateful and self-forgetting acquiescence&#8217; (<xref ref-type="bibr" rid="B39">Wilder, 1957a: viii</xref>).</p>
<p>One of the works with which Wilder attempted to redress what he deemed the falsity in contemporary theater was <italic>The Skin of Our Teeth</italic>, which premiered at the Shubert Theatre in New Haven on 15 October before moving to the Plymouth Theatre on Broadway on 18 November 1942, the year after Joyce died and after the <italic>Poetry</italic> tribute appeared. The play takes its title from the Book of Job&#8212;&#8216;My bone cleaveth to my skin and to my flesh, and I am escaped with the skin of my teeth&#8217; (<xref ref-type="bibr" rid="B23"><italic>Holy Bible</italic>, Book of Job: 19.20</xref>)&#8212;and the convention-breaking, myth-driven piece is laden with overt biblical imagery with a focus on the genesis of humankind. But the depth of Wilder&#8217;s commitment to Joyce&#8217;s work upset noted Joyce scholar Joseph Campbell and novelist Henry Morton Robinson, who detected other unacknowledged sources and saw Wilder&#8217;s play as at least heavily derived from, if not a wholesale but silent appropriation of <italic>Finnegans Wake</italic>. That is, by 1940, Wilder was already rewriting or adapting not only biblical but contemporary, avant-garde material from European authors for the Broadway stage in his attempt to counter the &#8216;imaginative narration [that] became false&#8217; on stage (<xref ref-type="bibr" rid="B39">Wilder, 1957a: viii</xref>). In response to the play&#8217;s success and its nomination for the Pulitzer Prize for drama, Campbell and Robinson wrote the selection committee to make the group aware of their findings &#8211; to no effect, however, since the committee had already voted to award Wilder his third Pulitzer, his second for theater. Their letter to the Pulitzer committee followed up findings and accusations published in a high-profile essay, &#8216;The Skin of <italic>Whose</italic> Teeth? &#8212;The Strange Case of Mr. Wilder&#8217;s New Play and <italic>Finnegans Wake</italic>&#8217; (<xref ref-type="bibr" rid="B9">Campbell and Robinson, 1942: 3&#8211;4</xref>), which appeared in the <italic>Saturday Review</italic> barely a month after the play&#8217;s Broadway opening. Their conclusions were based on their pioneering and very influential study, <italic>A Skeleton Key to &#8216;Finnegans Wake&#8217;</italic>, on which they were still at work and which would be published in 1944. Campbell would write his own short &#8216;Obituary Notice&#8217; for Joyce for his university newspaper, <italic>The Campus</italic>, on 22 January 1941 (<xref ref-type="bibr" rid="B8">Campbell, 2003: xxi&#8211;ii, 293n4</xref>). Their research led them to conclude that &#8216;Mr. Wilder&#8217;s play, <italic>The Skin of our Teeth</italic>, was not entirely an original composition but an Americanized recreation, thinly disguised, of James Joyce&#8217;s <italic>Finnegans Wake</italic>&#8217; (<xref ref-type="bibr" rid="B8">Campbell, 2003: 257</xref>). Such a level of borrowings in Wilder&#8217;s play, they contended, went far beyond the bounds of what was professionally and ethically acceptable: &#8216;Important plot elements&#8217;, they continue, &#8216;characters, devices of presentation, as well as major themes and many of the speeches, are directly and frankly imitated, but with the flimsy veneer to lend an American touch to the original features&#8217; (<xref ref-type="bibr" rid="B8">Campbell, 2003: 257</xref>). As they detail parallels between Joyce&#8217;s novel and Wilder&#8217;s play, they conclude again, &#8216;There are, in fact, no end of meticulous unacknowledged copyings&#8217; (<xref ref-type="bibr" rid="B8">Campbell, 2003: 259</xref>).</p>
<p>Wolcott Gibbs, a champion of Wilder&#8217;s play, suggested yet another source for Wilder&#8217;s borrowings to, perhaps, offset Campbell and Robinson&#8217;s charges. In the December of 1942 issue of <italic>The New Yorker</italic>, he claimed that &#8216;The truth of the matter is that, instead of being partially borrowed from Mr. Joyce&#8217;s work, &#8220;The Skin of Our Teeth&#8221; was actually taken almost in toto from an early novel of my own, called &#8220;Nabisco&#8221; (Roycroft Press, $1)&#8217; (<xref ref-type="bibr" rid="B17">Gibbs, 1942: 34</xref>). If that accusation sounds preposterous given the oddly named novel published by an inexistent press, it is, as Edmund Wilson points out in his reply to the Campbell and Robinson critique in <italic>The Nation</italic>, a reply that includes his own <italic>Finnegans Wake</italic> parody, which he thought to send on to Wilder as a joke and then, wisely, thought better of the idea (82). Wilson points out the ineptitude of the Gibbs parody of Campbell and Robinson since it is clear, to him at least, that Gibbs never got beyond the first page of Joyce&#8217;s final novel. As early as 1940, Wilder and Wilson thought to collaborate on their own &#8216;key&#8217; to <italic>Finnegans Wake</italic> and proposed it to publisher Benjamin W. Huebsch, who had just turned down the Campbell and Robinson volume on the basis of &#8216;preliminary material&#8217;. Huebsch, who had published <italic>A Portrait of the Artist as a Young Man</italic> (1916) in the United States, expressed interest in the Wilder-Wilson proposal (<xref ref-type="bibr" rid="B29">Niven, 2012: 546</xref>). The Campbell and Robinson essays in <italic>Saturday Review</italic> generated &#8216;A long, heated exchange of letters to the editor &#8230; most of them defending Wilder. This brought more publicity for <italic>The Skin of Our Teeth</italic> but some unwelcome notoriety for Wilder, who, on his lawyer&#8217;s advice, declined public comment&#8217; (<xref ref-type="bibr" rid="B29">Niven, 2012: 547</xref>; <xref ref-type="bibr" rid="B35">Wilder and Bryer, 2008: 412n91</xref>).</p>
<p>Wilder&#8217;s publishers HarperCollins have since leapt to the rescue to counter what amounts to charges of plagiary with an online blog defending the American playwright and the play, which is popular in school curricula. Such a return to the issue tends, however, to do little more than keep the matter of plagiary before the public:</p>
<disp-quote>
<p>Wilder&#8217;s own reputation was seriously damaged by Joseph Campbell and Henry Morton Robinson&#8217;s entirely unjust accusation that Wilder had plagiarized James Joyce&#8217;s difficult novel <italic>Finnegans Wake</italic>. Campbell and Robinson&#8217;s article was believed by some because Wilder declined to defend himself, very few reporters then or now were likely to read the enormously complicated <italic>Wake</italic>, and the play does borrow some of its ideas from Joyce. Although the distinguished critic Edmund Wilson refuted the charge by pointing out that playwrights have always borrowed from previous writers, and differences of tone and characterization between the two works are great, for a long time the unfair aspersion lingered in memory&#8212;Robinson repeated it in 1957 in connection with another Wilder success, <italic>The Matchmaker</italic> [a &#8216;reworking&#8217; of <italic>The Merchant of Yonkers</italic>], which eventually was turned into the musical <italic>Hello Dolly</italic>. (<xref ref-type="bibr" rid="B21">HarperCollins, n.d.</xref>)</p>
</disp-quote>
<p>The comment above from the publisher&#8217;s study guide, a &#8216;Note to Teachers&#8217;, offers at best a tepid and perhaps misleading defense of their author to the effect that the scholarly detailed allegations from Campbell and Robinson are &#8216;believed by some because Wilder declined to defend himself&#8217;. The cause and effect here is curious, as when <italic>Saturday Review</italic> asked Wilder for a response, he drafted one but ultimately did not send it. He did, however, send the fully drafted response to his sister, Isabel&#8212;who would select and edit her brother&#8217;s letters for posthumous publication&#8212;on 17 December 1942, that is, in advance of the <italic>Saturday Review</italic> essay&#8217;s appearance, and so it seems to have been designed to appear alongside the Campbell and Robinson essay. Wilder&#8217;s instructions were as follows: &#8216;Send this to the <italic>Saturday Review</italic>&#8217; (<xref ref-type="bibr" rid="B35">Wilder and Bryer, 2008: 412</xref>) and then added a request that she go to his study and verify a detail about Joyce&#8217;s novel. He closed the letter, however, with final, curious instructions: &#8216;After which erase this note&#8217; (<xref ref-type="bibr" rid="B35">Wilder and Bryer, 2008: 412</xref>). Whether Wilder meant to eliminate just his note to her or the entire letter of defense is rendered ambiguous by his closing, &#8216;Love and giggles&#8217; (<xref ref-type="bibr" rid="B35">Wilder and Bryer, 2008: 412</xref>). In his 1983 biography, Gilbert Harrison summarizes Wilder&#8217;s defense thus: &#8216;In that unpublished statement he explains that in deciphering Joyce&#8217;s novel the idea had come to him that one aspect of it might be expressed in drama&#8217;, but he soon realized that &#8216;any possibility of dramatization was &#8220;out of the question&#8221;&#8217; (<xref ref-type="bibr" rid="B22">Harrison 1983: 231</xref>; <xref ref-type="bibr" rid="B35">Wilder and Bryer, 2008: 413</xref>). Wilder would finally conclude: &#8216;I can think of no novel in all of literature that is further removed from the theater than &#8220;Finnegans Wake&#8221;&#8217; &#8212; that is, Joyce&#8217;s &#8216;night-language&#8217;, &#8216;the thoughts of the mind while asleep&#8217;, was unstageable (<xref ref-type="bibr" rid="B35">Wilder and Bryer, 2008: 413&#8211;4</xref>).</p>
<p>The defense attributed to the &#8216;distinguished critic&#8217; Edmund Wilson &#8216;that playwrights have always borrowed from previous writers&#8217; (<xref ref-type="bibr" rid="B21">HarperCollins, n.d.</xref>) seems more applicable to an Elizabethan stage than to the contemporary world of copyright, but the publisher distorts and misrepresents Wilson&#8217;s &#8216;defense&#8217; as well. Wilson, in fact, doesn&#8217;t exactly &#8216;refute&#8217; the claims of Campbell and Robinson; rather, he agrees with them and offers only a reservation about their tone: &#8216;I did not approve of the tone of the article, but its principal contentions were true, and since they generally have been received with incredulity, I may as well produce my burlesque&#8217; (81). That parody may have been intended to deflect criticism of Wilder&#8217;s efforts by suggesting that we all do parodies of Joyce. Wilson finally affirms the accusations, noting further that:</p>
<disp-quote>
<p>It is probably true, however&#8212;though what Wilder is trying to do is quite distinct from what Joyce is doing&#8212;that the state of saturation with Joyce in which the play was written has harmed it in certain ways: precisely, in distracting Wilder from his own ideas and effects; and that it suffers, as a serious work, from the comparison suggested with Joyce. (<xref ref-type="bibr" rid="B46">Wilson 1950: 83&#8211;4</xref>)</p>
</disp-quote>
<p>Wilson seems to suggest here that Wilder&#8217;s play contains few of &#8216;his own ideas and effects&#8217;, and that is the issue central to any reassessment of Wilder&#8217;s play and of his critical reputation.</p>
<p>Furthermore, Edward M. Burns and Joshua A. Gaylord, the editors of Wilder and Glasheen&#8217;s published correspondence, also seem to miscast Wilson&#8217;s critique:</p>
<disp-quote>
<p>At the time, Wilder did not defend himself or his play. Edmund Wilson, an early and enthusiastic reader of <italic>Finnegans Wake</italic>, did, however, in an essay. &#8230; Wilson and Wilder had had long talks and had exchanged letters about Joyce. In a note to a reprint of his seminal essay, &#8216;The Dream of H. C. Earwicker&#8217; [a review of Joyce&#8217;s novel published in <italic>The New Republic</italic> on 28 June 1939], Wilson writes about Wilder, &#8216;I have also had the advantage of discussions with Mr. Thornton Wilder, who has explored the book more thoroughly than anyone else I have heard of. It is to be hoped that Mr. Wilder will someday publish something about <italic>Finnegans Wake</italic>&#8217;. (<xref ref-type="bibr" rid="B7">Burns and Gaylord, 2001: xxiv</xref>)</p>
</disp-quote>
<p>Wilder would, of course, &#8216;publish something&#8217; on <italic>Finnegans Wake</italic> but not the collaborative book he had proposed to Huebsch in 1940 (<xref ref-type="bibr" rid="B29">Niven, 2012: 546</xref>). On the other hand, perhaps <italic>The Skin of Our Teeth</italic> represents just such a &#8216;something&#8217;. If Burns and Gaylord&#8217;s comments represent their best defense of Wilder, it remains hardly more compelling than that offered by Wilder&#8217;s publisher (for Wilder&#8217;s more compelling and expanded defense, see <xref ref-type="bibr" rid="B29">Niven, 2012: 547&#8211;9</xref>).</p>
<p>In 1994, Sidney Feshbach, former president of the James Joyce Society (NY), offered his defense of Wilder in terms of modernist intertextuality:</p>
<disp-quote>
<p>Many other writers also figure in his work; he used them in quotation, in imitation, in echoes, in transformations, and in analogies, as did Joyce himself in all his work and as did T. S. Eliot in <italic>The Waste Land</italic> (which, when first published, some described as a pastiche, parodied, and then wondered where quotation and plagiarism left off) and Ezra Pound in the <italic>Cantos</italic>. (1994: 500)</p>
</disp-quote>
<p>Feshbach continues to stress Wilder&#8217;s methods: that he &#8216;constantly engaged in adaptation, reapplication, and transformation of others&#8217; work. Joyce is only one of many authors that he used (<xref ref-type="bibr" rid="B13">1994: 510</xref>).</p>
<p>Furthering the subject of &#8216;borrowing&#8217;, Christopher J. Wheatley argues that:</p>
<disp-quote>
<p>Wilder operates in a Humanist tradition that sees the relationship between new and prior works of art as collaborative. That is, a dialogue exists between works of art and their sources that shapes our understanding of both. Originality occurs as a reinterpretation of existing material, not as the creation of something without literary precedent. (<xref ref-type="bibr" rid="B34">2018: 4</xref>)</p>
</disp-quote>
<p>Feshbach seems to suggest further that Wilder himself is the best judge of such issues: &#8216;When Wilder took what he did from <italic>Finnegans Wake</italic>, he would not have felt that he was doing anything wrong&#8217; (<xref ref-type="bibr" rid="B13">1994: 511</xref>). What Wilder &#8216;felt&#8217; was ethically right or wrong, however, may not be the issue here, nor should we necessarily accept the judgments of authors about their own work. Feshbach further invokes the traditions of &#8216;<italic>imitatio</italic> and <italic>emulatio</italic>&#8217; (1994: 511), which would seem finally to be in accord with Campbell and Robinson who remain adamant on the issue of originality. Where they disagree most is on the issue of acknowledgement:</p>
<disp-quote>
<p>It is a strange performance that Mr. Wilder has turned in. Is he hoaxing us? On the one hand, he gives no credit to his source, masking it with an Olson and Johnson technique [American rubber chicken comedians of <italic>Hellzapoppin</italic> fame whom Wilder acknowledged as influences]. On the other hand, he makes no attempt to conceal his borrowings, emphasizing them, rather. (<xref ref-type="bibr" rid="B8">Campbell, 2003: 260</xref>)</p>
</disp-quote>
<p>Wilder&#8217;s unsent defense addresses this issue in a curious and evasive manner as he offers to make direct reference to his sources under the following conditions: &#8216;Should a group of men of letters represent to me that the dependence of my play on Joyce&#8217;s novel is so close as to justify adding a note of acknowledgment to the theatre program, I would willingly accede to their opinion&#8217; (<xref ref-type="bibr" rid="B35">Wilder and Bryer, 2008: 414</xref>). Campbell and Robinson, and perhaps Wilson as well, evidently do not meet Wilder&#8217;s qualification of &#8216;a group of men of letters&#8217;.</p>
<p>Several weeks after their initial publication, Campbell and Robinson followed up their original findings that were based on the play in performance with further details based on their reading the published play. They tempered their judgment some by suggesting that Wilder may be toying with his readers: &#8216;the appearance of the play in book form offers abundant evidence that Mr. Wilder not only vigorously adapted the play from <italic>Finnegans Wake</italic> to the Broadway temper, but also intended that someone, somewhere, someday should recognize his deed for what it is&#8217; (261). Their commitment to their accusations is reinforced, however, in that both pieces are reprinted in Campbell&#8217;s <italic>Mythic Worlds: Modern Words: On the Art of James Joyce</italic> (1993, 2003), and so the essays have become canonized, part of Campbell&#8217;s official Joyce legacy which appear in his &#8216;Collected Works&#8217;. Editor Edmund L. Epstein, a former student of William York Tindall at Columbia College, augmented the essays by adding &#8216;An Editor&#8217;s Afterword&#8217; in which he cites Wilder biographer Gilbert Harrison&#8217;s overview of Wilder&#8217;s unsent response to the <italic>Saturday Review</italic> articles and includes Wilder&#8217;s notes for a 1948 British production of <italic>The Skin of Our Teeth</italic>, starring Laurence Olivier and Vivien Leigh (<xref ref-type="bibr" rid="B8">Campbell, 2003: 265&#8211;7</xref>).</p>
<p>Others, too, have continued the defense by citing additional sources on which Wilder drew. The Wilder Society web page follows up the publisher&#8217;s &#8216;Note to Teachers&#8217; with a critique by Ashley Gallagher:</p>
<disp-quote>
<p>Influenced by James Joyce&#8217;s <italic>Finnegans Wake</italic> and &#8216;German expressionism, vaudeville, burlesque, and Wilder&#8217;s own one-acts,&#8217; <italic>Skin of Our Teeth</italic> pays homage to those sources in its depiction of the Antrobus family. In his &#8216;Preface&#8217; to <italic>Three Plays</italic>, Wilder goes further: &#8216;I should be very happy if, in the future, some author should feel similarly indebted to any work of mine. Literature has always more resembled a torch race than a furious dispute among heirs&#8217;. (<xref ref-type="bibr" rid="B16">Gallagher, n.d.</xref>)</p>
</disp-quote>
<p>Gallagher&#8217;s Thornton Wilder Society-sanctioned summary of influence is not exactly what Wilder wrote, however: &#8216;The play is <italic>deeply indebted</italic> to James Joyce <italic>Finnegans Wake</italic>&#8217; (<xref ref-type="bibr" rid="B8">Campbell, 2003: 267, emphasis added</xref>). Wilder finally admits that he is &#8216;not an innovator&#8217;, &#8216;not one of the new dramatists&#8217;:</p>
<disp-quote>
<p>The theater has lagged behind the other arts in finding the &#8216;new ways&#8217; to express how men and women think and feel in our time. I am not one of the new dramatists we are looking for. I wish I were. I hope I have played a part in preparing the way for them. I am not an innovator but a rediscoverer of forgotten goods and I hope a remover of obtrusive bricabrac. (<xref ref-type="bibr" rid="B39">Wilder, 1957a: xiv</xref>)</p>
</disp-quote>
<p><italic>New York Tines</italic> theater critic Mel Gussow returns to most of these issues in his review of a <xref ref-type="bibr" rid="B19">1988</xref> New York revival of <italic>Our Town</italic>, as he references &#8216;Wilder&#8217;s response to James Joyce and &#8220;Finnegans Wake&#8221;, the source of his play &#8220;The Skin of Our Teeth&#8221;&#8217; (1988: Section 2, page 7). Feshbach would merely dismiss Campbell and Robinson, or at least disparage their aggressive tone: &#8216;They used such inflammatory innuendo that, without their actually using the term, &#8220;plagiarism&#8221; was obviously what they were referring to&#8217; (<xref ref-type="bibr" rid="B13">1994: 498</xref>). Campbell and Robinson did, in fact, use the term in their formal complaint to the Pulitzer Prize Committee when it awarded the Pulitzer to the drama: &#8216;We protest &#8230; against the conferring of literary honors on Major Wilder until he has cleared himself of charges of possible plagiarism&#8217; (<xref ref-type="bibr" rid="B1">Yale University Pulitzer Prize Newspaper Clippings 1943</xref>). And Feshbach admits that &#8216;Wilder had, indeed, alternated working on the play with reading the <italic>Wake</italic>&#8212;but their charge was absurd&#8217; (<xref ref-type="bibr" rid="B13">1994: 498</xref>). Wilson, however, leans the other way: &#8216;The general indebtedness to Joyce in the conception and plan of the play is as plain as anything of the kind can be; it must have been conscious on Wilder&#8217;s part&#8217; (83). It is thus surprising that as late as 2018, Wheatley asserts that &#8216;The charge against Wilder was fundamentally mistaken, as Edmund Wilson and others pointed out&#8217; (2018: 4).</p>
<p>* * *</p>
<p>Stuart Gilbert&#8217;s <italic>James Joyce&#8217;s &#8216;Ulysses&#8217;</italic> would appear in 1930 (revised in 1950), and Frank Budgen&#8217;s comprehensive <italic>The Making of Ulysses</italic> finally appeared in 1934, both works the product of their authors&#8217; near-daily meetings with Joyce. In her &#8216;Notes and Acknowledgments&#8217; to the <italic>Third Census of &#8216;Finnegans Wake&#8217;</italic>, Glasheen acknowledges that Joyce oversaw these studies and that they &#8216;contain information provided by Joyce himself&#8217; (1977: xiv). (She cites Samuel Beckett among those Joyce coached as well.) Wilder will reference the complexity of the schema these authors detail at the opening of his James Joyce Society (NY) lecture, &#8216;Joyce and the Modern Novel&#8217;, in February 1954, and Wilder would defend the novel&#8217;s symbolic scaffolding and narrative intricacy. Such defense also returns us to the issue of literary borrowings that plagued Wilder&#8217;s career:</p>
<disp-quote>
<p>Joyce was hunting for a style that would reveal the extent to which every individual&#8212;you and I, the millions of people that walk this earth&#8212;is both sole and unique and also archetypal. To establish that each individual is archetypal, he had to draw on the human being he knew best: himself. So the book is likewise confession, and its confession is at a very deep and agonizing level. (<xref ref-type="bibr" rid="B42">Wilder, 1979: 172</xref>)</p>
</disp-quote>
<p>That is, in essence, Wilder lays out the underpinning of what would become <italic>The Skin of Our Teeth</italic>. In his review of Campbell and Robinson&#8217;s <italic>Skeleton Key</italic>, Wilson would take much the same universalist, mythical approach as Wilder, and Campbell and Robinson, for that matter, but Wilson criticizes Campbell and Robinson for avoiding the novel&#8217;s &#8216;real situation&#8217; in &#8216;their simplification&#8217;:</p>
<disp-quote>
<p>The sleeper [of <italic>Finnegans Wake</italic>, i.e., HCE] who passes from fatigue to refreshment, from death to resurrection, is enacting a universal drama which is enacted every night by every man in the world; but every man is a particular man, and this man is a particular Dubliner, asleep on a certain night, in a room above a certain pub in the bosom of a certain family. The authors of <italic>The Skeleton Key</italic> have pretty much combed the real family away in presenting their simplification of the myth. (<xref ref-type="bibr" rid="B46">Wilson, 1950: 187</xref>)</p>
</disp-quote>
<p>Such mythic and archetypal features, however, would run counter to an entrenched, prevailing realism&#8212;particularly on the eastern side of the Atlantic. By September 1928, a critical tone was established by Rebecca West in her essay, &#8216;The Strange Case of James Joyce&#8217;, published in <italic>The Bookman</italic>. In it she attacked non-conventional, experimental writing, and so Modernism itself, but her principal target was James Joyce. Her essay opens with an anecdote of buying a book of poems in Paris, James Joyce&#8217;s <italic>Pomes Pennyeach</italic>, from its original publisher, Shakespeare &amp; Co. (<xref ref-type="bibr" rid="B32">West, 1928: 9</xref>). She focuses on the poem &#8216;Alone&#8217; from this collection, which she quotes in full and concludes that it &#8216;may seem inconceivable that this poem should bring pleasure to any living creature &#8230; this is plainly an exceedingly bad poem&#8217;, concluding that &#8216;Mr. James Joyce is a great man entirely without taste&#8217; (<xref ref-type="bibr" rid="B32">West, 1928: 9</xref>). Writing in the journal of international Modernism, <italic>transition</italic>, no. 15, in February 1929, William Carlos Williams responded to West with a summary of and rejoinder to her essay point by point. &#8216;A Point for American Criticism&#8217; offers a defense of Joyce and a critique of English criticism, which Williams finds pot-bound, but he also argues for a distinctly American approach and idiom to literary criticism. The essay might have been part of Williams&#8217; essay collection <italic>In the American Grain</italic>, but its subject is not an American author. Its subject, however, is very much American receptivity to literary experiment and particularly to the work of James Joyce, then appearing in serial form in <italic>transition</italic>, a Parisian journal edited by two American expatriates, Eugene and Maria Jolas:</p>
<disp-quote>
<p>In summary: Rebecca West makes (is made by) a mold; English criticism, a product of English literature. She states her case for art. It is an excellent digest but for a world panorama inadequate. She fails to fit Joyce to it. She calls him, therefore, &#8216;strange&#8217;, not realizing his compulsions which are outside of her sphere. In support of this, she builds a case against him, using Freudian and other nonliterary weapons. She is clever, universal in her informational resorts. What is now left over &#8212; Joyce&#8217;s true significance &#8212; his pure literary virtue &#8212; is for her &#8216;nonsense&#8217;. Of literature and its modus showing that she knows nothing. America, offering an undeveloped but wider criticism, will take this opportunity to place an appreciation of Joyce on its proper basis. (<xref ref-type="bibr" rid="B44">Williams, 1929: 86</xref>)</p>
</disp-quote>
<p>Williams&#8217; defense was reprinted in the 1929 essay collection published in anticipation of what would finally be titled <italic>Finnegans Wake, Our Exagnimation &#8216;Round His Factification for Incamination of &#8216;Work in Progress&#8217;</italic>, and this counter-attack on West is notable, additionally, for its appearance among other notable essays. The volume opens, for instance, with Samuel Beckett&#8217;s essay detailing Joyce&#8217;s sources and his extensive borrowings. Beckett lays them out in the title of his essay, developed under Joyce&#8217;s careful guidance and thus with his approval. With its quirky but chronological punctuation, the title outlines and so celebrates Joyce&#8217;s chief sources and their culmination in &#8216;Joyce&#8217;: &#8216;Dante &#8230; Bruno . Vico . . Joyce&#8217; (<xref ref-type="bibr" rid="B4">Beckett, 1929: 5&#8211;13</xref>).</p>
<p>West, in turn, would fold her thinking about Joyce&#8217;s strangeness into a much longer, autobiographical essay on aesthetics. Called at first <italic>A Hypothesis</italic>, the essay is combined with other literary journalism into the book-length collection, <italic>The Strange Necessity: Essays and Reviews</italic>, the title essay&#8212;&#8216;Strange Necessity&#8217;&#8212;comprising over half the book&#8217;s length (pp. 13&#8211;198). Her 1928 essay on Joyce&#8217;s strangeness from <italic>The Bookman</italic> opens that lead essay, and as she moves from Joyce&#8217;s bad poetry (sentimental in her estimate), she is taken by Molly&#8217;s soliloquy, which she finds offers her some peace and which she will play against Ivan Pavlov&#8217;s <italic>Conditioned Reflexes</italic>. The conjunction drives her thinking about why art&#8212;even bad art, as she claims Joyce&#8217;s is&#8212;has such appeal, &#8216;this mystery of mysteries&#8217; with its &#8216;strange necessity&#8217; for the human species (<xref ref-type="bibr" rid="B33">West, 1987: 58</xref>).</p>
<p>Undeterred by accusations of plagiary, Wilder would continue his methods of adaptation for the American theater. In 1948 he translated and, in the process, adapted Jean-Paul Sartre&#8217;s play <italic>Mort sans s&#233;pulture</italic> [<italic>Unburied Dead</italic>, perhaps] as <italic>The Victors</italic>, which was produced in New York by the New Stages Company in 1948. Much of Wilder&#8217;s work on that adaptation is available at <xref ref-type="bibr" rid="B2">the Morgan Library</xref>.<xref ref-type="fn" rid="n2">2</xref> In 1955, Wilder would retranslate Beckett&#8217;s <italic>Waiting for Godot</italic> for American director Alan Schneider, and it was Wilder&#8217;s uncredited retranslation that was staged in Coral Gables, Florida in January 1956. Mel Gussow would observe that &#8216;Perhaps part of Wilder&#8217;s enthusiasm for &#8220;Godot&#8221; was a reflection of the dark undercurrents in &#8220;Our Town&#8221;, an aspect of the play that has long been neglected&#8217; (<xref ref-type="bibr" rid="B19">1988, Section 2, p. 7</xref>). We might add further that Wilder&#8217;s attraction to Beckett&#8217;s play, which he saw in Paris and London, may reflect his earlier preoccupation with and adaptation of <italic>Finnegans Wake</italic>. That Wilder method is detailed in the &#8216;Introduction&#8217; to <italic>The Collected Translations and Adaptations of Thornton Wilder</italic> by Ken Ludwig, who had adapted George Farquahr&#8217;s <italic>The Beaux&#8217; Strategem</italic> with Wilder:</p>
<disp-quote>
<p>Here is a man who knows the classics backwards and forwards. Nothing could have been more natural to him than to draw upon these giants of the past, stand on their shoulders and weave their ideas and techniques into the texture of his own writing in order to forge something new and original. (<xref ref-type="bibr" rid="B43">Wilder, 2001</xref>)<xref ref-type="fn" rid="n3">3</xref></p>
</disp-quote>
<p>Such an assessment, a statement of creative method, would include, of course, Wilder&#8217;s work with or on Joyce and, perhaps, in 1955, on Samuel Beckett as well. At issue, however, is whether what Wilder produces is &#8216;something new and original&#8217;.</p>
<p>* * *</p>
<p>These figures&#8212;Thornton Wilder, Joseph Campbell and Edmund Wilson, along with William York Tindall, former president of the James Joyce Society (NY) and author of <italic>James Joyce: His Way of Interpreting the World</italic> (1950)&#8212;were pioneers, American voices for Joyce, critical and theoretical voices in an American grain, part of that &#8216;wider criticism&#8217; and &#8216;an appreciation of Joyce on its proper basis&#8217; that William Carlos Williams called for (<xref ref-type="bibr" rid="B44">Williams, 1929: 86</xref>). Three-time Pulitzer Prize and National Book Award winner Archibald MacLeish would call Wilder &#8216;the most felicitous speaker on cultural subjects in America&#8217; (MacLeish cited in Leaf, <xref ref-type="bibr" rid="B26">2009</xref>). These were principal players in the years of serious literary journalism during the nascent years of American Joyce studies before the field was institutionalized in American universities, beginning with Tindall&#8217;s work at Columbia and the founding of the <italic>James Joyce Quarterly</italic> (<italic>JJQ</italic>) in 1963 at the University of Tulsa by Thomas F. Staley, who was the journal&#8217;s editor for its first 25 years. During those years, the University of Tulsa would gather a coterie of Joyce scholars around the <italic>JJQ</italic> as the field of study and student interest burgeoned into what is not infrequently called the &#8216;Joyce industry&#8217;. The <italic>Finnegans Wake Society</italic> and <italic>The James Joyce Society</italic> had been functioning through New York&#8217;s Gotham Book Mart since 1947, with Padriac Colum as its President and T. S. Eliot as its first member. The society has had a strong public, that is, outreach function, particularly in the New York City area. Wilder was a regular at these meetings, and his 1954 lecture to the group, &#8216;James Joyce and the Modern Novel&#8217;, was taped, adapted, and published in <italic>A James Joyce Miscellany</italic> (<xref ref-type="bibr" rid="B40">Wilder, 1957b: 167&#8211;71</xref>; reprinted in <xref ref-type="bibr" rid="B42">Wilder, 1979: 172&#8211;80</xref>). Its conclusion might be deemed an indirect riposte to the Rebecca Wests of the literary world: &#8216;The terrible thing is to live in our twentieth century with a nineteenth century mentality&#8217; (<xref ref-type="bibr" rid="B42">Wilder, 1979: 180</xref>). Williams&#8217; language is more pointed, if not harsh, but like Wilder his focus is on entrenched resistance to the new: &#8216;Here Joyce has so far outstripped the criticism of Rebecca West that she seems a pervert. Here is his affinity for slang. Even if he has to lay waste the whole English structure. It is <italic>that</italic> the older critics smell and &#8212; they are afraid&#8217; (85).</p>
<p>Despite what may be appropriation, or an &#8216;homage&#8217; of indebtedness&#8212;said &#8216;homage&#8217; usually more credible when acknowledged as such&#8212;the work is what Sidney Feshbach admits is &#8216;deeply indebted&#8217;. Wilder&#8217;s curious implication that <italic>Finnegans Wake</italic> may have been forgotten goods by the time of Joyce&#8217;s death notwithstanding, he was a decidedly astute reader and critic of Joyce&#8217;s work, which his 1941 eulogy punctuates. Wilder&#8217;s focus on Joyce&#8217;s &#8216;realistic depiction of consciousness&#8217; may be old news to us now, but his extended analysis still rings true as Joyce &#8216;explores three souls, Stephen Dedalus and the Blooms, one failure and two great triumphs&#8217; (<xref ref-type="bibr" rid="B37">Wilder, 1941: 371</xref>). Of Dedalus&#8217;s failure, Wilder asks, &#8216;how can unreconciled love and hate make a self-portrait?&#8217; The answer for Wilder lies not only in Stephen&#8217;s sentimentality but in his ability to mock himself. In contrast, Wilder cites the Blooms:</p>
<disp-quote>
<p>The miracle of the book is Leopold Bloom, Joyce&#8217;s anti-self, <italic>l&#8217;homme moyen sensual</italic>, and his wife Marion&#8212;transcendent confirmations of the method itself. If we could surprise the interior monologue of any person&#8212;it seems to affirm&#8212;we would be obliged to expand the famous aphorism: to understand that much is not only to forgive that much; it is to extend to another person that suspension of objective judgment which we accord to ourselves. (<xref ref-type="bibr" rid="B42">Wilder, 1979: 169</xref>)</p>
</disp-quote>
<p><italic>Ulysses</italic> as a whole is, in Wilder&#8217;s estimation, &#8216;a homage to the life force itself in the play of consciousness relegating all questions of approval and disapproval&#8217; (<xref ref-type="bibr" rid="B42">Wilder, 1979: 169</xref>).</p>
<p>For Wilder, moreover, Joyce has mastered the &#8216;long book&#8217;, where Proust, among others, has failed&#8212;that is, like Cervantes, &#8216;he found in the dimensions of the long book, his form and his theme&#8217; (<xref ref-type="bibr" rid="B42">Wilder, 1979: 168</xref>). Wilder attributes that success to</p>
<disp-quote>
<p>curious architectural devices and the comic spirit &#8230; [enhanced by] complicated schematization: each chapter marked by one color; each chapter representing an organ in the human body; each under the sign of a theological virtue and its allied vice; each bearing a relation&#8212;partly as parody, partly for emotion&#8212;to a corresponding book of the <italic>Odyssey</italic>. (<xref ref-type="bibr" rid="B42">Wilder, 1979: 169</xref>)</p>
</disp-quote>
<p>West, on the other hand, castigates such correspondence as one of &#8216;two colossal finger-prints left by literary incompetence on &#8220;Ulysses&#8221; which show that a pedantic accuracy about the letter and an insensitivity about the spirit can lead him wildly astray even while he is still loyal to the classicism&#8217;. Finally, she asks, &#8216;what the devil is the purpose that is served by these analogies&#8217; (<xref ref-type="bibr" rid="B32">West, 1928: 28</xref>).</p>
<p>For Wilder, the lingering issues of his creative practices, the ethics of his intertextual borrowings or his strategies of translation and adaptation have overshadowed his Joyce studies as they continue to be addressed on his publisher&#8217;s and the Wilder Society&#8217;s web pages: what the publisher calls &#8216;the contentiousness of the play&#8217;s historical context, political, theatrical, and literary&#8217;. Assessing an international Wilder conference at the College of New Jersey in 2008 for <italic>The Magazine of the National Endowment for the Humanities</italic>, Jonathan Leaf offers the following assessment on the issue of Wilder and Joyce:</p>
<disp-quote>
<p>The principal false charge against Wilder&#8212;which he faced repeatedly during his career&#8212;was of plagiarism. An influential essay cowritten by the Jung scholar Joseph Campbell [and Henry Morton Robinson] on the delightful comedy <italic>The Skin of Our Teeth</italic> succeeded in convincing many that the play was a rip-off of Joyce&#8217;s high-falutin&#8217;, lengthy, and mostly inscrutable final work, <italic>Finnegan&#8217;s Wake</italic> [<italic>sic</italic>]. Among those who affirmed this idea was critic Edmund Wilson, and the notion can be encountered still in essays on the modern theater. Yet, as Wilder himself said, there is almost nothing to it. Wilder freely acknowledged that from Joyce he &#8216;received the idea of presenting ancient man as an ever-present double to modern man&#8217;. But the episodes and characters in the play are not taken from Joyce. (<xref ref-type="bibr" rid="B26">2009</xref>)</p>
</disp-quote>
<p>Paula Vogel&#8217;s 2009 foreword to <italic>The Skin of Our Teeth</italic> takes on the issue yet again and so permanently binds it to the text of the play:</p>
<disp-quote>
<p>He suffered the charge of plagiarism leveled against <italic>The Skin of Our Teeth</italic>, written in the spirit of tribute to Joyce&#8217;s work. This spurious charge, brought by Joseph Campbell and Henry Morton Robinson in the two articles they published in late 1942 and early 1943, may well have cost him the Nobel Prize.</p>
</disp-quote>
<p>Like most defenders of Wilder, Leaf drags out his version of the &#8216;everybody does it&#8217; defense. Like those defenders, as well, his rhetorical strategies are analogy and the rhetorical question, which are the defenses of last resort, as every politician knows: &#8216;Would it make sense to accuse Tom Stoppard of plagiarism in writing <italic>Arcadia</italic>, the outline of whose plot was, by his admission, suggested by an A. S. Byatt novel?&#8217; (<xref ref-type="bibr" rid="B26">Leaf, 2009</xref>). The keys, of course, are &#8216;suggested by&#8217; and &#8216;by his admission&#8217;, as Wilder continually engaged with <italic>Finnegans Wake</italic> throughout the writing of <italic>The Skin of Our Teeth</italic> but what admissions were made were grudging and belated. And so Wilder seems permanently, inescapably bound, rightly or wrongly, fairly or unfairly, to James Joyce for all the wrong reasons since it puts the American author&#8217;s originality and critical acumen indisputably in dispute. Rather than adjudicate this issue that will not die and attempt to render a summary judgement on its persistent contentiousness, on the ethics of such fairly common practice, particularly in commercial theater, we might suspend the ethical debate and focus on qualitative production: Wilder as critic and early champion of Joyce and Wilder as playwright and professional theatrical entrepreneur, as the editors of <italic>Thornton Wilder in Collaboration</italic> outline in their introduction:</p>
<disp-quote>
<p>The book&#8217;s authors use the term &#8216;collaboration&#8217; in its broadest sense, at times in response to Wilder&#8217;s critics who faulted him for &#8216;borrowing&#8217; from other, earlier, literary works rather than recognizing these &#8216;borrowings&#8217; as central to the artistic process of collaboration. (<xref ref-type="bibr" rid="B5">Bryer, Hallet, and Oczkowicz, 2018: viii</xref>)</p>
</disp-quote>
<p>Reviewing the essay collection, Scott Proudfit picks up the thread of the centrality of creative borrowing and uses that thread to challenge the</p>
<disp-quote>
<p>concept of the modern writer as singular, independent and the sole determiner of text&#8217;s meaning. This collection [of Wilder essays under review] reclaims Wilder as a theatrical writer, essentially collaborative in his process, whether he is writing the play <italic>The Skin of Our Teeth</italic>, the film <italic>Shadow of Doubt</italic> [for Hitchcock], or the novel <italic>The Bridge of San Luis Rey</italic> [based on newspaper accounts]. This adjustment of our concept of Wilder reminds readers that the &#8216;myth of the author&#8217;, as Foucault would have it, is never more obvious than when it [that is, authorship, not myth] is unsuccessfully applied to the communal work of those who primarily make their living in the theater. (<xref ref-type="bibr" rid="B30">2019: 242</xref>)</p>
</disp-quote>
<p>Reviewing the 1955 revival of <italic>The Skin of Our Teeth</italic>, directed by Alan Schneider the year before Schneider would collaborate with Wilder on a full rewrite of Samuel Beckett&#8217;s <italic>Waiting for Godot</italic> (see Hallquist, 2012: 47&#8211;67), the venerable Harold Clurman alludes to the lingering issues of Wilder&#8217;s borrowings and hence foregrounds accusations of, at least, <italic>unoriginality</italic>:</p>
<disp-quote>
<p>Though Wilder when we look closer has a mark of his own, his work strikes one as that of an &#8216;arranger&#8217; rather than a creator. His arrangements are artful, attractive, scrupulously calculated, and unmistakably gifted. They are delightfully decorative patterns created from the raw material dug up by other men [that is, Joyce in this case]. To put it another way, he arranges &#8216;flowers&#8217; beautifully, but he does not grow them. In this sense he resembles certain modern Frenchmen rather than one of our own playwrights. (<xref ref-type="bibr" rid="B12">Clurman, 1955: 210</xref>)</p>
</disp-quote>
<p>Clurman&#8217;s metaphor of the flower arranger seems to echo one example from Campbell and Robinson&#8217;s charges of Joyce being recast in <italic>The Skin of Our Teeth</italic>, the difference between the inventor of the wheel and the subsequent adapter who adds it to a chair: the former is Joyce, the latter Wilder (<xref ref-type="bibr" rid="B8">Campbell, 2003: 265</xref>). By the time of the lavish, visually stunning revival of the play at the Vivian Beaumont Theater in New York in 2022 (<xref ref-type="fig" rid="F1">Figure 1</xref>), Joyce is forgotten, the textual issues replaced with an emphasis on the flower arrangements and contemporary social issues of climate change and continuing American racial struggles. The production, directed by Lileana Blain-Cruz, featured an African-American cast and additional cultural updates by Branden Jacobs-Jenkins; it would receive six Tony nominations, including one for best direction, but earned a win only for costume design.</p>
<fig id="F1">
<label>Figure 1</label>
<caption>
<p><italic>The Skin of Our Teeth</italic>, Vivian Beaumont Theater, New York, 25 April &#8211; 29 May 2022, directed by Lileana Blain-Cruz, with additional cultural updates by Branden Jacobs-Jenkins (Publicity photo by Julieta Cervantes).</p>
</caption>
<graphic xmlns:xlink="http://www.w3.org/1999/xlink" xlink:href="olh-8-2-8982-g1.jpg"/>
</fig>
<p>* * *</p>
<p>Rather than try fully to uncouple these two authors, or to attempt to adjudicate the plagiary accusations, we might invoke Wilder&#8217;s assessment of &#8216;Mrs. Marion Bloom&#8217;, sobriquet Molly&#8212;there is a spirit, an energy, a life spark in Wilder&#8217;s passion for and insights into Joyce that deserve further reflection if not celebration, as this article attempts. Our appeal is to recalibrate and retheorize the work on a major American intellectual, an astute and dogged literary critic, especially of Joyce, and to think in terms of a professional dramatist who understood that theater, at least, is always and inevitably a collaborative art form. The long shadow cast by Campbell and Robinson, interesting, insightful and scandalous at the time, is more questionable in a contemporary critical climate for the theoretical assumptions that it exposes. It has occluded a clear assessment of Wilder&#8217;s contribution as an American playwright and more so as a scholar of 20<sup>th</sup>-century European experimental art. Campbell and Robinson&#8217;s flawed assumption is that such interface, such intertext is linear rather than reciprocal. They focus on what Wilder does to or takes from Joyce and all but ignore what Wilder does for or adds to Joyce. Such a one-way theory of the intertext has resulted in considerable neglect of Wilder&#8217;s creative and critical accomplishments. On the other hand, they do admit of the &#8216;great letter&#8217; of <italic>Finnegans Wake</italic> and <italic>The Skin of Our Teeth</italic> that &#8216;Mr. Wilder&#8217;s description of this letter is the most sensitive, most complete, most convincing interpretation yet to appear of this great Joycean theme&#8217; (<xref ref-type="bibr" rid="B8">Campbell, 2003: 263</xref>). Admitting the industry of his detractors in his unsent defense, Wilder addresses but quickly dismisses this issue of &#8216;supposed&#8217; parallel use of &#8216;the great letter&#8217; in play and novel, the one recovered in a dung heap by &#8216;Maggie Earwicker&#8217; (Anna Livia), the other that &#8216;Maggie Antrobus&#8217; &#8216;throws into the sea over the heads of the audience&#8217; (<xref ref-type="bibr" rid="B35">Wilder and Bryer, 2008: 414</xref>). More damning, perhaps, because it seems a straightforward appropriation, &#8216;The writers of the article in the Review&#8217;, as Wilder addresses his detractors, argue of the unexplained shift of locale in Act II of Wilder&#8217;s play that &#8216;Wilder simply transplants Joyce&#8217;s Irish tavern bacchanal to an Atlantic City Convention&#8217; (<xref ref-type="bibr" rid="B8">Campbell, 2003: 263</xref>).</p>
<p>Janet Dunleavy&#8217;s reassessment of the early years of Joyce criticism, <italic>Re-viewing Joyce Criticism</italic>, may also contribute to the Wilder neglect as it pays scant attention to Wilder&#8217;s pioneering criticism (nor much to Edmund Wilson&#8217;s, for that matter, except slight mentions of his <italic>Axel&#8217;s Castle</italic> of 1931 (8&#8211;9) and his review of Campbell and Robinson (36) [he is misplaced in the index as well]). While Adaline Glasheen&#8217;s <italic>Census of Finnegans Wake</italic> (1956) and <italic>Third Census of &#8216;Finnegans Wake&#8217;</italic> (1977) are featured in a chapter by Bonnie Kime Scott (46&#8211;59),<xref ref-type="fn" rid="n4">4</xref> the Wilder connections are perfunctory, although Scott acknowledges Glasheen&#8217;s embrace of him as one of the &#8216;donors&#8217; she lists in a 1959 &#8216;appendage&#8217; to the first <italic>Census</italic>. This is, however, relegated to a footnote (57&#8211;8n3, such notes not indexed), and she cites Wilder&#8217;s comment that Glasheen &#8216;is a lady who sits and thinks&#8217; (47). Scott&#8217;s assessment underplays Glasheen&#8217;s own &#8216;Acknowledgment to the First Census&#8217;, in which she writes:</p>
<disp-quote>
<p>When my list was inchoate and contained no identifications, I had it mimeographed and sent it to a few Joyceans. One of these was Mr. Thornton Wilder, who treated it with heavenly kindness and generosity. He gave me many valuable identifications and wrote me at length about <italic>Finnegans Wake</italic> [see <xref ref-type="bibr" rid="B7">Burns and Gaylord, 2001</xref>]. I am especially indebted to him for interesting me in the four fascinating old men [the &#8216;Mamalujo episode&#8217;, see also <italic>Third Census</italic>, 97].<xref ref-type="fn" rid="n5">5</xref> Most of all he encouraged me to expand the <italic>Censu</italic>s and add as many identifications as I could. (rpt. in 1977: xx)</p>
</disp-quote>
<p>Dunleavy&#8217;s <xref ref-type="bibr" rid="B14">1991</xref> critical retrospective may be one measure of Wilder&#8217;s erasure from contemporary Joyce discourse, and thereby his demotion in the pantheon of American letters and intellectual life, all of which may have resulted from the persistent <italic>Finnegans Wake</italic> controversy. We should, on the other hand, take up the challenge implicit in Campbell and Robinson&#8217;s critiques of a hidden or disguised referentiality, that, as they admit, Wilder &#8216;makes no attempt to conceal his borrowings, emphasizing them rather, sometimes even stressing details which with a minimum of ingenuity he could have suppressed or altered&#8217;, or again that &#8216;Mr. Wilder goes out of his way to wink at the knowing one or two in the audience, by quoting from and actually naming some of his characters after the main figures in Joyce&#8217;s masterpiece&#8217;. In the more textually detailed Part II of their critique, they return to alleging such a knowing wink: &#8216;Mr. Wilder is giving the wink of the fraternity to any Finnegan fan who may chance to be in the theater&#8217; (<xref ref-type="bibr" rid="B8">Campbell and Robinson, 2003: 260, 257, 264</xref>). Campbell and Robinson go on to suggest that Wilder&#8217;s play is something of a theatrical collage or palimpsest which they finally condemn as uncreative. More contemporary critics, on the other hand, might deem such a strategy postmodern, late modernist or even post-dramatic, in what critic Lincoln Konkle calls &#8216;a cornucopia of quotations&#8217;, but in Wilder the cornucopia is not exclusively from Joyce (<xref ref-type="bibr" rid="B25">2018: 20</xref>). Critics like Konkle may justify something of contemporary creative process in Wilder, the gesture an attempt at redemption or recuperation, but none addresses the interface with Joyce and <italic>Finnegans Wake</italic> to the extent that Campbell and Robinson outline, especially after the republication of those essays in 2003 (<xref ref-type="bibr" rid="B8">Campbell, 2003</xref>). That would take a most unusual scholar, one who had invested as deeply in Joyce&#8217;s final novel as Wilder himself had.</p>
<p>Something of a recalibration may have begun in 2001, however, with the publication of <italic>A Tour of the Darkling Plain</italic> (<xref ref-type="bibr" rid="B7">Burns and Gaylord, 2001</xref>), followed in 2008 by the <italic>Selected Letters of Thornton Wilder</italic>, which included the entirety of Wilder&#8217;s unsent defense (<xref ref-type="bibr" rid="B35">Wilder and Bryer, 2008: 413&#8211;15</xref>). By fully acknowledging and accepting Wilder&#8217;s <italic>The Skin of Our Teeth</italic> as an intertext, we simultaneously validate Campbell and Robinson&#8217;s initial assessment and open the possibilities of re-viewing Wilder&#8217;s commitment to Joyce as both scholar and something of a collaborator. Such a theoretical shift would allow the critical community to advance to the point where it can raise seminal theoretical questions about how the&#8212;let us call it collaboration&#8212;affords accessibility to and opens possibilities of approaching <italic>Finnegans Wake</italic>, as Wilder might be seen as offering something of a thematic catalogue to Joyce&#8217;s novel in parallel with the &#8216;theme keys&#8217; he detailed in his Joyce journals, creating something like a &#8216;Joyce in the American Grain&#8217;. The <xref ref-type="bibr" rid="B3">Yale University</xref> Wilder archive offers the following description of Wilder&#8217;s work on Joyce:</p>
<disp-quote>
<p>In the case of Joyce&#8217;s <italic>F<sc>innegans</sc> W<sc>ake</sc></italic>, Wilder&#8217;s always extensive notetaking on his reading evolved into an extensive personal study of the novel, culminating in not one but two sizeable &#8216;theme keys&#8217; assembled in the course of his frequent returns to Joyce&#8217;s text. These keys are located in folders 3039&#8211;3049, and are accompanied by Wilder&#8217;s heavily annotated copy of the 1939 edition of the work.</p>
</disp-quote>
<p>Such recalibration as we are suggesting would help reposition Wilder&#8217;s contributions not only as a playwright but as a pioneering critic and crusading intellectual, a European-focused writer wholly in the American grain, an avant-garde champion like his compatriot and potential collaborator, Edmund Wilson, one who could recognize, invoke, and finally engage simultaneously with the European avant-garde and the American theatrical and critical traditions.</p>
</body>
<back>
<fn-group>
<fn id="n1"><p>The meeting was held at the Grolier Club 4 December 1949, organized by John J. Slocum, founding member of the James Joyce Society (NY) (<xref ref-type="bibr" rid="B7">Burns, 2001: 4n2</xref>).</p></fn>
<fn id="n2"><p><xref ref-type="bibr" rid="B2">The Morgan Library</xref> in New York holds &#8216;Several versions of Wilder&#8217;s adaptation of Sartre&#8217;s work: (1) carbon typescript on 83 leaves, with a few typed revisions, with envelope; (2) mimeographed typescript of 76 leaves, heavily marked up and revised in pencil and colored pencil on rectos and versos, perhaps by the stage manager or prop master, marked on first blank leaf: &#8220;Lamar Caselli c/o New Stages, 159 Bleeker St.&#8221;; (3&#8211;4) two mimeograph copies of typescript, ca. 70 pages each, without revisions or markings&#8217; (see <ext-link ext-link-type="uri" xmlns:xlink="http://www.w3.org/1999/xlink" xlink:href="https://www.themorgan.org/literary-historical/234557">https://www.themorgan.org/literary-historical/234557</ext-link>).</p></fn>
<fn id="n3"><p>See also the announcement for the 2020 Thornton Wilder Prize for Translation: &#8216;Though Wilder&#8217;s dramatic reputation soared with the premiere of <italic>Our Town</italic> (1937), his first Broadway shows were translations: Andr&#233; Obey&#8217;s <italic>Lucrece</italic> (1932) and <italic>A Doll&#8217;s House</italic> (1937) by Henrik Ibsen. He also translated Jean Paul Satre&#8217;s <italic>The Victors</italic> [<italic>Mort sans s&#233;pulture</italic>] from French at Sartre&#8217;s personal request, and <italic>The Bride of Torosko</italic> by Otto Indig from German for producer Gilbert Miller. <italic>The Victors</italic> was produced off-Broadway in 1948 at The New Stages Theatre in the West Village, directed by Mary Hunter Wolf. Wilder&#8217;s translation of <italic>The Bride</italic> has never been produced in the United States&#8217; (see <ext-link ext-link-type="uri" xmlns:xlink="http://www.w3.org/1999/xlink" xlink:href="https://www.thorntonwilder.com/blog/2020/8/21/the-2020-thornton-wilder-prize-for-translation#:~:text=In%20May%202020%2C%20the%20American,the%20works%20of%20Milan%20Kundera">https://www.thorntonwilder.com/blog/2020/8/21/the-2020-thornton-wilder-prize-for-translation#:~:text=In%20May%202020%2C%20the%20American,the%20works%20of%20Milan%20Kundera</ext-link>).</p></fn>
<fn id="n4"><p>Glasheen credits &#8216;Mr. Wilder of Connecticut&#8217; in the &#8216;Note to the <italic>Second Census</italic>&#8217; (1963), reprinted in the <italic>Third</italic> (<xref ref-type="bibr" rid="B18">1977: xxii</xref>).</p></fn>
<fn id="n5"><p>&#8216;As far as I know, Joyce was the first artist to set senility down at length. Listening to an educated man, dying of hardening of the arteries, I realized that he spoke in the manner and matter and very rhythm of the Four. Joyce does not prettify his senescent Four&#8212;they are boring, repulsive, sinister&#8212;but he does leaven them. A crazy beauty hangs about the honeymoon section &#8230;&#8217; (<xref ref-type="bibr" rid="B18">Glasheen, 1977: 97</xref>).</p></fn>
</fn-group>
<ack>
<title>Acknowledgements</title>
<p>An earlier and much abbreviated version of this essay was presented at James Joyce: Ulysses, 1922&#8211;2022, the XXVIII International James Joyce Symposium, 17 June 2022, Trinity College Dublin and University College Dublin.</p>
</ack>
<sec>
<title>Competing Interests</title>
<p>The author has no competing interests to declare.</p>
</sec>
<ref-list>
<ref-list>
<title>Archives</title>
<ref id="B1"><label>1</label><mixed-citation publication-type="journal"><collab>1943 Yale University Pulitzer Prize Newspaper Clippings</collab>. <article-title>Thornton Wilder Papers, YCAL MSS 108, Box 89, folder 2245: &#8216;Pulitzer Prize: Newspaper Clippings/1943 n.d.&#8217;</article-title></mixed-citation></ref>
<ref id="B2"><label>2</label><mixed-citation publication-type="webpage"><collab>The Morgan Library</collab> <uri>https://www.themorgan.org/literary-historical/234557</uri>.</mixed-citation></ref>
<ref id="B3"><label>3</label><mixed-citation publication-type="webpage"><collab>Yale University</collab> <uri>https://archives.yale.edu/repositories/11/resources/1402/collection_organization#scroll::/repositories/11/resources/1402</uri>.</mixed-citation></ref>
</ref-list>
<ref-list>
<title>Sources</title>
<ref id="B4"><label>4</label><mixed-citation publication-type="book"><string-name><surname>Beckett</surname>, <given-names>S</given-names></string-name> <year>1929</year> <chapter-title>Dante &#8230; Bruno . Vico . . Joyce</chapter-title>. In <source>Our Exagnimation &#8216;Round His Factification for Incamination of &#8216;Work in Progress&#8217;</source>. <publisher-loc>Paris</publisher-loc>: <publisher-name>Shakespeare &amp; Co.; London: Faber and Faber</publisher-name>.</mixed-citation></ref>
<ref id="B5"><label>5</label><mixed-citation publication-type="book"><string-name><surname>Bryer</surname>, <given-names>J R</given-names></string-name>, <string-name><surname>Hallet</surname>, <given-names>J P</given-names></string-name> and <string-name><surname>Oczkowicz</surname>, <given-names>E K</given-names></string-name> <year>2018</year> <chapter-title>Introduction</chapter-title>. In: <source>Thornton Wilder in Collaboration: Collected Essays on His Drama and Fiction</source>. <publisher-loc>Newcastle upon Tyne</publisher-loc>: <publisher-name>Cambridge Scholars</publisher-name>. pp. <fpage>viii</fpage>&#8211;<lpage>xvi</lpage>.</mixed-citation></ref>
<ref id="B6"><label>6</label><mixed-citation publication-type="book"><string-name><surname>Burns</surname>, <given-names>E M</given-names></string-name> and <string-name><surname>Dydo</surname>, <given-names>U E</given-names></string-name> (eds.) <year>1996</year> <source>Letters of Gertrude Stein and Thornton Wilder</source>. <publisher-loc>New Haven</publisher-loc>: <publisher-name>Yale University Press</publisher-name>.</mixed-citation></ref>
<ref id="B7"><label>7</label><mixed-citation publication-type="book"><string-name><surname>Burns</surname>, <given-names>E M</given-names></string-name> and <string-name><surname>Gaylord</surname>, <given-names>J A</given-names></string-name> (eds.) <year>2001</year> <source>A Tour of the Darkling Plain: The Finnegans Wake Letters of Thornton Wilder and Adaline Glasheen</source>. <publisher-loc>Dublin</publisher-loc>: <publisher-name>University College Dublin Press</publisher-name>.</mixed-citation></ref>
<ref id="B8"><label>8</label><mixed-citation publication-type="book"><string-name><surname>Campbell</surname>, <given-names>J</given-names></string-name> <year>2003</year> <source>Mythic Worlds, Modern Words: On the Art of James Joyce</source>. <string-name><surname>Epstein</surname>, <given-names>E L</given-names></string-name> (ed. and afterword). <publisher-loc>Novato, CA</publisher-loc>: <publisher-name>New World Library</publisher-name>.</mixed-citation></ref>
<ref id="B9"><label>9</label><mixed-citation publication-type="journal"><string-name><surname>Campbell</surname>, <given-names>J</given-names></string-name> and <string-name><surname>Robinson</surname>, <given-names>H M</given-names></string-name> <year>1942</year> <chapter-title>The Skin of Whose Teeth?&#8212;The Strange Case of Mr. Wilder&#8217;s New Play and <italic>Finnegans Wake</italic></chapter-title>. <source>The Saturday Review of Literature</source>, <volume>25</volume>, <day>19</day> <month>December</month>, pp. <fpage>3</fpage>&#8211;<lpage>4</lpage>.</mixed-citation></ref>
<ref id="B10"><label>10</label><mixed-citation publication-type="journal"><string-name><surname>Campbell</surname>, <given-names>J</given-names></string-name> and <string-name><surname>Robinson</surname>, <given-names>H M</given-names></string-name> <year>1943</year> <article-title>The Skin of Whose Teeth? Part 2: The Intention behind the Deed</article-title>. <source>The Saturday Review of Literature</source>, <volume>26</volume>, <day>13</day> <month>February</month>, pp. <fpage>16</fpage>&#8211;<lpage>19</lpage>.</mixed-citation></ref>
<ref id="B11"><label>11</label><mixed-citation publication-type="book"><string-name><surname>Campbell</surname>, <given-names>J</given-names></string-name> and <string-name><surname>Robinson</surname>, <given-names>H M</given-names></string-name> <year>1944</year> <source>A Skeleton Key to &#8216;Finnegans Wake&#8217;</source>. <publisher-loc>New York</publisher-loc>: <publisher-name>Harcourt Brace</publisher-name>.</mixed-citation></ref>
<ref id="B12"><label>12</label><mixed-citation publication-type="journal"><string-name><surname>Clurman</surname>, <given-names>H</given-names></string-name> <year>1955</year> <article-title>Theater</article-title>. <source>The Nation</source>, <day>3</day> <month>September</month>, p. <fpage>210</fpage>.</mixed-citation></ref>
<ref id="B13"><label>13</label><mixed-citation publication-type="journal"><string-name><surname>Feshbach</surname>, <given-names>S</given-names></string-name> <year>1994</year> <article-title>Deeply Indebted: On Thornton Wilder&#8217;s Interest in James Joyce</article-title>. <source>James Joyce Quarterly</source>, <volume>31</volume>(<issue>4</issue>): <fpage>495</fpage>&#8211;<lpage>517</lpage>.</mixed-citation></ref>
<ref id="B14"><label>14</label><mixed-citation publication-type="book"><string-name><surname>Dunleavy</surname>, <given-names>J</given-names></string-name> (ed.) <year>1991</year> <source>Re-Viewing Classics of Joyce Criticism</source>. <publisher-loc>Urbana</publisher-loc>: <publisher-name>University of Illinois Press</publisher-name>.</mixed-citation></ref>
<ref id="B16"><label>16</label><mixed-citation publication-type="webpage"><string-name><surname>Gallagher</surname>, <given-names>A</given-names></string-name> <chapter-title>Overview: <italic>The Skin of Our Teeth</italic></chapter-title>. <publisher-name>The Thornton Wilder Society</publisher-name>. <uri>http://www.twildersociety.org/works/the-skin-of-our-teeth/</uri>.</mixed-citation></ref>
<ref id="B17"><label>17</label><mixed-citation publication-type="webpage"><string-name><surname>Gibbs</surname>, <given-names>W</given-names></string-name> <year>1942</year> <article-title>Finnegans Teeth</article-title>. <source>New Yorker</source>, <month>December</month> <volume>18</volume>, p. <fpage>34</fpage>. <uri>https://www.newyorker.com/magazine/1942/12/26/finnegans-teeth</uri>.</mixed-citation></ref>
<ref id="B18"><label>18</label><mixed-citation publication-type="book"><string-name><surname>Glasheen</surname>, <given-names>A</given-names></string-name> <year>1977</year> <source>Third Census Of &#8216;Finnegans Wake&#8217;: An Index Of The Characters and Their Roles</source>. <publisher-loc>Berkeley, CA</publisher-loc>: <publisher-name>University of California Press</publisher-name>.</mixed-citation></ref>
<ref id="B19"><label>19</label><mixed-citation publication-type="webpage"><string-name><surname>Gussow</surname>, <given-names>Mel</given-names></string-name> <year>1988</year> <article-title>review of Greg Mosher&#8217;s revival of <italic>Our Town</italic></article-title> in <source>New York Times</source> (<month>December</month> <day>11</day>, Section 2, p. <fpage>7</fpage>): <uri>https://www.nytimes.com/1988/12/11/theater/theater-view-the-darker-shores-of-thornton- wilder.html</uri>.</mixed-citation></ref>
<ref id="B20"><label>20</label><mixed-citation publication-type="journal"><string-name><surname>Hallquist</surname>, <given-names>T W</given-names></string-name> <year>2021</year> <article-title>&#8216;Directing the Director&#8217;: Wilder on <italic>The Skin of Our Teeth</italic>&#8212;A New Letter</article-title>. <source>Thornton Wilder Journal</source>, <volume>2</volume>(<issue>1</issue>): <fpage>47</fpage>&#8211;<lpage>67</lpage>. DOI: <pub-id pub-id-type="doi">10.5325/thorntonwilderj.2.1.0047</pub-id></mixed-citation></ref>
<ref id="B21"><label>21</label><mixed-citation publication-type="webpage"><collab>HarperCollins</collab> <article-title>Note to Teachers</article-title>. <uri>http://files.harpercollins.com/OMM/the_skin_of_our_teeth.html</uri>.</mixed-citation></ref>
<ref id="B22"><label>22</label><mixed-citation publication-type="book"><string-name><surname>Harrison</surname>, <given-names>G</given-names></string-name> <year>1983</year> <source>The Enthusisast: A Life of Thornton Wilder</source>. <publisher-loc>London</publisher-loc>: <publisher-name>Ticknor and Fields</publisher-name>.</mixed-citation></ref>
<ref id="B23"><label>23</label><mixed-citation publication-type="book"><collab><italic>Holy Bible</italic></collab> [authorized King James version]. <publisher-loc>London</publisher-loc>: <publisher-name>Collins Bible</publisher-name>.</mixed-citation></ref>
<ref id="B25"><label>25</label><mixed-citation publication-type="book"><string-name><surname>Konkle</surname>, <given-names>L</given-names></string-name> <year>2018</year> <chapter-title>Preparing the Way</chapter-title>. In: <string-name><surname>Bryer</surname>, <given-names>J R</given-names></string-name>, <string-name><surname>Hallet</surname>, <given-names>J P</given-names></string-name> and <string-name><surname>Oczkowicz</surname>, <given-names>E K</given-names></string-name> (eds.) <source>Thornton Wilder in Collaboration: Collected Essays on His Drama and Fiction</source>. <publisher-loc>Newcastle upon Tyne</publisher-loc>: <publisher-name>Cambridge Scholars</publisher-name>. pp. <fpage>13</fpage>&#8211;<lpage>29</lpage>.</mixed-citation></ref>
<ref id="B26"><label>26</label><mixed-citation publication-type="webpage"><string-name><surname>Leaf</surname>, <given-names>J</given-names></string-name> <year>2009</year> <article-title>The Utterly Civilized Wilder: A Writer of His Time&#8212;And Ours</article-title>. <source>Humanities: The Magazine of the National Endowment for the Humanities</source>, <volume>30</volume>(<issue>1</issue>). <uri>https://www.neh.gov/article/utterly-civilized-wilder</uri>.</mixed-citation></ref>
<ref id="B27"><label>27</label><mixed-citation publication-type="webpage"><string-name><surname>Lernout</surname>, <given-names>G</given-names></string-name> <year>2006</year> <article-title>Reviewed Work: <italic>A Tour of the Darkling Plain: The &#8220;Finnegans Wake&#8221; Letters of Thornton Wilder and Adaline Glasheen</italic></article-title> by <string-name><given-names>Edward M.</given-names> <surname>Burns</surname></string-name>, <string-name><given-names>Joshua A.</given-names> <surname>Gaylord</surname></string-name> (eds.). <source>Text</source>, <volume>16</volume>: <fpage>384</fpage>&#8211;<lpage>86</lpage>. <uri>http://www.jstor.org/stable/30227984</uri>.</mixed-citation></ref>
<ref id="B28"><label>28</label><mixed-citation publication-type="book"><string-name><surname>Ludwig</surname>, <given-names>Ken</given-names></string-name> <year>2006</year> <chapter-title>Introduction</chapter-title>. In: <source>The Collected Translations and Adaptations of Thornton Wilder</source>. <publisher-loc>New York</publisher-loc>: <publisher-name>Theatre Communications Group, Inc</publisher-name>.</mixed-citation></ref>
<ref id="B29"><label>29</label><mixed-citation publication-type="book"><string-name><surname>Niven</surname>, <given-names>P</given-names></string-name> <year>2012</year> <source>Thornton Wilder: A Life</source>. <publisher-loc>New York</publisher-loc>: <publisher-name>Harper</publisher-name>.</mixed-citation></ref>
<ref id="B30"><label>30</label><mixed-citation publication-type="journal"><string-name><surname>Proudfit</surname>, <given-names>S</given-names></string-name> <year>2019</year> <article-title>Review of <italic>Thornton Wilder in Collaboration: Collected Essays on His Drama and Fiction</italic></article-title>. Ed. <string-name><given-names>Jackson R.</given-names> <surname>Bryer</surname></string-name>, <string-name><given-names>Judith P.</given-names> <surname>Hallett</surname></string-name>, and <string-name><given-names>Edyta K.</given-names> <surname>Oczkowicz</surname></string-name>. <source>Theatre History Studies</source>, <volume>38</volume>: <fpage>241</fpage>&#8211;<lpage>4</lpage>. DOI: <pub-id pub-id-type="doi">10.1353/ths.2019.0025</pub-id></mixed-citation></ref>
<ref id="B31"><label>31</label><mixed-citation publication-type="webpage"><article-title>The 2020 Thornton Wilder Prize for Translation</article-title>. <source><ext-link ext-link-type="uri" xmlns:xlink="http://www.w3.org/1999/xlink" xlink:href="https://thorntonwilder.com">ThorntonWilder.Com</ext-link></source>. <uri>https://www.thorntonwilder.com/blog/2020/8/21/the-2020-thornton-wilder-prize-for-translation</uri> [Last Accessed 20 September 20222].</mixed-citation></ref>
<ref id="B32"><label>32</label><mixed-citation publication-type="webpage"><string-name><surname>West</surname>, <given-names>R</given-names></string-name> <year>1928</year> <article-title>The Strange Case of James Joyce</article-title>. In: <source>The Bookman</source> (<month>September</month>): <fpage>9</fpage>&#8211;<lpage>28</lpage>. <uri>https://www.unz.com/print/Bookman-1928sep-00009/</uri>.</mixed-citation></ref>
<ref id="B33"><label>33</label><mixed-citation publication-type="book"><string-name><surname>West</surname>, <given-names>R</given-names></string-name> <year>1987</year> <source>The Strange Necessity: Essays and Reviews</source>. <publisher-loc>London</publisher-loc>: <publisher-name>Virago Press, Ltd.</publisher-name>, 1987 (originally London: Jonathan Cape,1928).</mixed-citation></ref>
<ref id="B34"><label>34</label><mixed-citation publication-type="book"><string-name><surname>Wheatley</surname>, <given-names>C J</given-names></string-name> <year>2018</year> <chapter-title>Thornton Wilder and the Humanist Tradition</chapter-title>. In: <string-name><surname>Bryer</surname>, <given-names>J R</given-names></string-name>, <string-name><surname>Hallet</surname>, <given-names>J P</given-names></string-name> and <string-name><surname>Oczkowicz</surname>, <given-names>E K</given-names></string-name> (eds.) <source>Thornton Wilder in Collaboration: Collected Essays on His Drama and Fiction</source>. <publisher-loc>Newcastle upon Tyne</publisher-loc>: <publisher-name>Cambridge Scholars</publisher-name>. pp. <fpage>3</fpage>&#8211;<lpage>12</lpage>.</mixed-citation></ref>
<ref id="B35"><label>35</label><mixed-citation publication-type="book"><string-name><surname>Wilder</surname>, <given-names>I</given-names></string-name> and <string-name><surname>Bryer</surname>, <given-names>J R</given-names></string-name> (eds.) <year>2008</year> <source>Thornton Wilder: Selected Letters</source>. <publisher-loc>New York</publisher-loc>: <publisher-name>Harper Perennial</publisher-name>.</mixed-citation></ref>
<ref id="B36"><label>36</label><mixed-citation publication-type="book"><string-name><surname>Wilder</surname>, <given-names>T</given-names></string-name> <year>1926</year> <source>The Cabala</source>. <publisher-loc>New York</publisher-loc>, <publisher-name>A. &amp; C. Boni</publisher-name>.</mixed-citation></ref>
<ref id="B37"><label>37</label><mixed-citation publication-type="journal"><string-name><surname>Wilder</surname>, <given-names>T</given-names></string-name> <year>1941</year> <article-title>James Joyce (1882&#8211;1941)</article-title>. <source>Poetry</source>, <volume>57</volume>(<issue>6</issue>): <fpage>370</fpage>&#8211;<lpage>5</lpage>.</mixed-citation></ref>
<ref id="B38"><label>38</label><mixed-citation publication-type="webpage"><string-name><surname>Wilder</surname>, <given-names>T</given-names></string-name> <year>1952</year> <article-title>Toward an American Language</article-title>. <source>Atlantic Monthly</source>, <volume>190</volume>(<issue>1</issue>): <fpage>29</fpage>&#8211;<lpage>37</lpage>: <uri>https://www.theatlantic.com/magazine/archive/1952/07/toward-an-american-language/640696/</uri>.</mixed-citation></ref>
<ref id="B39"><label>39</label><mixed-citation publication-type="book"><string-name><surname>Wilder</surname>, <given-names>T</given-names></string-name> <year>1957a</year> <chapter-title>Preface</chapter-title>. In: <source>Three Plays: Our Town, The Skin of Our Teeth, The Matchmaker</source>. <publisher-loc>New York</publisher-loc>: <publisher-name>Harper and Brothers</publisher-name>.</mixed-citation></ref>
<ref id="B40"><label>40</label><mixed-citation publication-type="book"><string-name><surname>Wilder</surname>, <given-names>T</given-names></string-name> <year>1957b</year> <chapter-title>James Joyce and the Modern Novel</chapter-title>. In: <string-name><given-names>Marvin</given-names> <surname>Magalaner</surname></string-name> (ed.) <source>A James Joyce Miscellany</source>. <publisher-loc>New York</publisher-loc>: <publisher-name>James Joyce Society</publisher-name>. pp. <fpage>167</fpage>&#8211;<lpage>71</lpage>.</mixed-citation></ref>
<ref id="B41"><label>41</label><mixed-citation publication-type="journal"><string-name><surname>Wilder</surname>, <given-names>T</given-names></string-name> <year>1962</year> <article-title>Giordano Bruno&#8217;s Last Meal in <italic>Finnegans Wake</italic></article-title>. In: <source>American Characteristics and other Essays</source>, pp. <fpage>278</fpage>&#8211;<lpage>85</lpage>.</mixed-citation></ref>
<ref id="B42"><label>42</label><mixed-citation publication-type="book"><string-name><surname>Wilder</surname>, <given-names>T</given-names></string-name> <year>1979</year> <source>American Characteristics and other Essays</source>. <string-name><surname>Gallup</surname>, <given-names>D</given-names></string-name> (ed.), <string-name><surname>Wilder</surname>, <given-names>I</given-names></string-name> (foreword). <publisher-loc>New York</publisher-loc>: <publisher-name>Harper and Row</publisher-name>.</mixed-citation></ref>
<ref id="B43"><label>43</label><mixed-citation publication-type="book"><string-name><surname>Wilder</surname>, <given-names>T</given-names></string-name> <year>2001</year> <source>The Collected Translations and Adaptations of Thornton Wilder</source>, Introduction by <string-name><given-names>Ken</given-names> <surname>Ludwig</surname></string-name>. <publisher-loc>New York</publisher-loc>: <publisher-name>Theatre Communications Group, Inc</publisher-name>.</mixed-citation></ref>
<ref id="B44"><label>44</label><mixed-citation publication-type="webpage"><string-name><surname>Williams</surname>, <given-names>W C</given-names></string-name> <year>1929</year> <article-title>A Point for American Criticism</article-title>. <source>transition</source>, <volume>15</volume>: <fpage>157</fpage>&#8211;<lpage>66</lpage>. <uri>https://www.bl.uk/collection-items/transition-no-15-featuring-a-point-for-american-criticism-by-william-carlos-williams</uri>.</mixed-citation></ref>
<ref id="B45"><label>45</label><mixed-citation publication-type="journal"><string-name><surname>Wilson</surname>, <given-names>E</given-names></string-name> <year>1943</year> <article-title>The Antrobuses and the Earwickers</article-title>. <source>Nation</source>, <month>January</month> <day>30</day>, pp. <fpage>167</fpage>&#8211;<lpage>8</lpage>.</mixed-citation></ref>
<ref id="B46"><label>46</label><mixed-citation publication-type="book"><string-name><surname>Wilson</surname>, <given-names>E</given-names></string-name> <year>1950</year> <chapter-title>The Antrobuses and the Earwickers</chapter-title>. In: <source>Classics and Commercials: A Literary Chronicle of the 1940s</source>. <publisher-loc>New York</publisher-loc>: <publisher-name>Ferrar, Straus and Giroux</publisher-name>, pp. <fpage>61</fpage>&#8211;<lpage>6</lpage>.</mixed-citation></ref>
</ref-list>
</ref-list>
</back>
</article>